Task,Uniform32,AKS32,OptionPool32,PairwisePointwise32,HDEA-Core32
Anomaly Recognition,76.0,71.0,69.5,77.5,76.0
Count,32.038834951456316,56.79611650485437,54.85436893203883,23.300970873786408,54.36893203883495
Egocentric Reasoning,60.51136363636363,69.0340909090909,69.88636363636364,55.96590909090909,69.88636363636364
NeedleQA,68.45070422535211,81.12676056338029,80.56338028169014,66.19718309859155,80.28169014084507
Order,51.737451737451735,56.37065637065637,74.9034749034749,63.7065637065637,66.79536679536679
PlotQA,70.31539888682747,74.95361781076066,76.99443413729128,71.24304267161409,80.14842300556586
Topic Reasoning,88.59315589353612,87.07224334600761,85.93155893536122,84.03041825095056,87.83269961977186
M-AVG,63.94955847585534,70.90764078639289,73.23336868946,63.134869670345054,73.6162107481069
Micro accuracy,65.31738730450782,72.17111315547378,74.47102115915364,64.62741490340387,75.0229990800368
