Backbone,Dataset,Method A,Method A role,Method B,Method B role,Fixes,Losses,Net fixes,Exact McNemar p,Accuracy/M-AVG delta,Video-cluster CI low,Video-cluster CI high,MLVU statistical unit note
Qwen3-VL-8B,VideoMME,Core32,baseline,E40,evaluated_method,102,78,24,0.08618731332869517,0.8888888888888857,-0.07407407407407618,1.8518518518518476,Delta and pairs=question accuracy
Qwen3-VL-8B,VideoMME,Core32,baseline,E48,evaluated_method,115,89,26,0.07980304693737997,0.9629629629629619,-0.07407407407407618,2.000925925925912,Delta and pairs=question accuracy
Qwen3-VL-8B,VideoMME,Core32,baseline,Full,evaluated_method,78,54,24,0.04488539312889564,0.8888888888888857,0.07407407407407618,1.6675925925925836,Delta and pairs=question accuracy
Qwen3-VL-8B,VideoMME,E40,baseline,Full,evaluated_method,45,45,0,1.0,0.0,-0.7037037037036953,0.7037037037036953,Delta and pairs=question accuracy
Qwen3-VL-8B,VideoMME,E48,baseline,Full,evaluated_method,48,50,-2,0.9196068309220417,-0.07407407407407618,-0.8148148148148096,0.6666666666666572,Delta and pairs=question accuracy
Qwen3-VL-8B,LongVideoBench,Core32,baseline,E40,evaluated_method,34,28,6,0.5257733601756501,0.4487658937920713,-0.7331647439292753,1.630859256878535,Delta and pairs=question accuracy
Qwen3-VL-8B,LongVideoBench,Core32,baseline,E48,evaluated_method,54,47,7,0.5507089135982718,0.5235602094240761,-0.898220413106369,1.959308074019227,Delta and pairs=question accuracy
Qwen3-VL-8B,LongVideoBench,Core32,baseline,Full,evaluated_method,29,21,8,0.3222363203575469,0.5983545250560951,-0.439560439560438,1.6308376575240902,Delta and pairs=question accuracy
Qwen3-VL-8B,LongVideoBench,E40,baseline,Full,evaluated_method,15,13,2,0.8505540192127228,0.14958863126402377,-0.6676681778829355,0.9615562546262078,Delta and pairs=question accuracy
Qwen3-VL-8B,LongVideoBench,E48,baseline,Full,evaluated_method,28,27,1,1.0,0.07479431563201899,-0.97234429794114,1.128668171557564,Delta and pairs=question accuracy
Qwen3-VL-8B,MLVU-Dev M-AVG,Core32,baseline,E40,evaluated_method,63,58,5,0.7162941145766412,0.15290281532601568,-0.9034693012203661,1.1918283364668123,Delta=M-AVG; fixes/losses/McNemar=question level
Qwen3-VL-8B,MLVU-Dev M-AVG,Core32,baseline,E48,evaluated_method,89,75,14,0.3100385628034409,0.7377168845667654,-0.5539705015198041,2.0192723644760155,Delta=M-AVG; fixes/losses/McNemar=question level
Qwen3-VL-8B,MLVU-Dev M-AVG,Core32,baseline,Full,evaluated_method,55,40,15,0.1505180638902296,0.6372491959226352,-0.2823151294175961,1.5844021369722134,Delta=M-AVG; fixes/losses/McNemar=question level
Qwen3-VL-8B,MLVU-Dev M-AVG,E40,baseline,Full,evaluated_method,37,27,10,0.2604354765766535,0.4843463805966195,-0.21774118787155636,1.2021751365939604,Delta=M-AVG; fixes/losses/McNemar=question level
Qwen3-VL-8B,MLVU-Dev M-AVG,E48,baseline,Full,evaluated_method,41,40,1,1.0,-0.10046768864413025,-1.039432103525908,0.862955909482463,Delta=M-AVG; fixes/losses/McNemar=question level
InternVL3-8B,VideoMME,Core32,baseline,E40,evaluated_method,92,72,20,0.13766165019746568,0.7407407407407334,-0.18518518518519045,1.6666666666666572,Delta and pairs=question accuracy
InternVL3-8B,VideoMME,Core32,baseline,E48,evaluated_method,130,87,43,0.004249037242308189,1.592592592592581,0.5555555555555571,2.6296296296296333,Delta and pairs=question accuracy
InternVL3-8B,VideoMME,Core32,baseline,Full,evaluated_method,77,48,29,0.011959013523238282,1.074074074074062,0.2592592592592524,1.8518518518518619,Delta and pairs=question accuracy
InternVL3-8B,VideoMME,E40,baseline,Full,evaluated_method,35,26,9,0.30567741986311836,0.3333333333333286,-0.22222222222222854,0.9259259259259238,Delta and pairs=question accuracy
InternVL3-8B,VideoMME,E48,baseline,Full,evaluated_method,47,61,-14,0.21076579397878198,-0.518518518518519,-1.2592592592592524,0.22222222222221433,Delta and pairs=question accuracy
InternVL3-8B,LongVideoBench,Core32,baseline,E40,evaluated_method,35,34,1,1.0,0.07479431563201899,-1.0550311945542217,1.2363664465364599,Delta and pairs=question accuracy
InternVL3-8B,LongVideoBench,Core32,baseline,E48,evaluated_method,49,46,3,0.8375560707290739,0.22438294689602856,-1.1914293017414774,1.6153608023520756,Delta and pairs=question accuracy
InternVL3-8B,LongVideoBench,Core32,baseline,Full,evaluated_method,24,28,-4,0.6778086391424605,-0.29917726252804755,-1.3483398750063116,0.7380346530737988,Delta and pairs=question accuracy
InternVL3-8B,LongVideoBench,E40,baseline,Full,evaluated_method,14,19,-5,0.48685024166479707,-0.37397157816006654,-1.2232649881021795,0.455235204855839,Delta and pairs=question accuracy
InternVL3-8B,LongVideoBench,E48,baseline,Full,evaluated_method,21,28,-7,0.3916029105474905,-0.5235602094240761,-1.5624999999999931,0.5102133851352333,Delta and pairs=question accuracy
InternVL3-8B,MLVU-Dev M-AVG,Core32,baseline,E40,evaluated_method,52,45,7,0.5426101580458746,0.24748315635035567,-0.81688060852935,1.2868211804794445,Delta=M-AVG; fixes/losses/McNemar=question level
InternVL3-8B,MLVU-Dev M-AVG,Core32,baseline,E48,evaluated_method,74,59,15,0.22462992985836266,0.7468573798948626,-0.43274626219119056,1.9567616175700202,Delta=M-AVG; fixes/losses/McNemar=question level
InternVL3-8B,MLVU-Dev M-AVG,Core32,baseline,Full,evaluated_method,41,28,13,0.14803218069275836,0.602900466199884,-0.29332199484779725,1.5120511147401827,Delta=M-AVG; fixes/losses/McNemar=question level
InternVL3-8B,MLVU-Dev M-AVG,E40,baseline,Full,evaluated_method,28,22,6,0.47988766169832786,0.35541730984952835,-0.37024508065986056,1.0925266850820454,Delta=M-AVG; fixes/losses/McNemar=question level
InternVL3-8B,MLVU-Dev M-AVG,E48,baseline,Full,evaluated_method,38,40,-2,0.9099464518745243,-0.14395691369497854,-1.0285456770449293,0.7240540901383908,Delta=M-AVG; fixes/losses/McNemar=question level
mPLUG-Owl3-7B,VideoMME,Core32,baseline,E40,evaluated_method,118,95,23,0.13151225170378478,0.8518518518518476,-0.18518518518519045,1.8888888888888928,Delta and pairs=question accuracy
mPLUG-Owl3-7B,VideoMME,Core32,baseline,E48,evaluated_method,144,101,43,0.007166671227678859,1.5925925925925881,0.44444444444444287,2.7037037037037024,Delta and pairs=question accuracy
mPLUG-Owl3-7B,VideoMME,Core32,baseline,Full,evaluated_method,86,67,19,0.14536554974727253,0.7037037037036953,-0.18518518518518334,1.5925925925925881,Delta and pairs=question accuracy
mPLUG-Owl3-7B,VideoMME,E40,baseline,Full,evaluated_method,42,46,-4,0.7493290032022806,-0.14814814814815236,-0.8518518518518476,0.518518518518519,Delta and pairs=question accuracy
mPLUG-Owl3-7B,VideoMME,E48,baseline,Full,evaluated_method,45,69,-24,0.03077632385440321,-0.8888888888888928,-1.6666666666666714,-0.11111111111110716,Delta and pairs=question accuracy
mPLUG-Owl3-7B,LongVideoBench,Core32,baseline,E40,evaluated_method,37,26,11,0.20736789985685422,0.8227374719521308,-0.30282390011938937,2.031602708803611,Delta and pairs=question accuracy
mPLUG-Owl3-7B,LongVideoBench,Core32,baseline,E48,evaluated_method,42,35,7,0.49438227369550003,0.5235602094240903,-0.7375313599234912,1.8264840182648427,Delta and pairs=question accuracy
mPLUG-Owl3-7B,LongVideoBench,Core32,baseline,Full,evaluated_method,24,17,7,0.34888887944907765,0.5235602094240903,-0.4470938897168395,1.5003750937734424,Delta and pairs=question accuracy
mPLUG-Owl3-7B,LongVideoBench,E40,baseline,Full,evaluated_method,16,20,-4,0.617719317029696,-0.29917726252804044,-1.1817057340709005,0.5939123979213008,Delta and pairs=question accuracy
mPLUG-Owl3-7B,LongVideoBench,E48,baseline,Full,evaluated_method,20,20,0,1.0,0.0,-0.9188361408882033,0.9084371604896404,Delta and pairs=question accuracy
mPLUG-Owl3-7B,MLVU-Dev M-AVG,Core32,baseline,E40,evaluated_method,84,74,10,0.47410617678563144,0.7459645567857791,-0.4930225378528359,1.9950583694486994,Delta=M-AVG; fixes/losses/McNemar=question level
mPLUG-Owl3-7B,MLVU-Dev M-AVG,Core32,baseline,E48,evaluated_method,104,93,11,0.4762667150679856,0.6771793283924126,-0.7058255596755216,2.070002838393226,Delta=M-AVG; fixes/losses/McNemar=question level
mPLUG-Owl3-7B,MLVU-Dev M-AVG,Core32,baseline,Full,evaluated_method,67,47,20,0.07469253007976608,1.0637604835374646,0.031136578717500335,2.1423805050553684,Delta=M-AVG; fixes/losses/McNemar=question level
mPLUG-Owl3-7B,MLVU-Dev M-AVG,E40,baseline,Full,evaluated_method,35,25,10,0.2450608330229457,0.31779592675168544,-0.39499418690286064,1.0175369978401283,Delta=M-AVG; fixes/losses/McNemar=question level
mPLUG-Owl3-7B,MLVU-Dev M-AVG,E48,baseline,Full,evaluated_method,52,43,9,0.41191007368097654,0.386581155145052,-0.5901052007160883,1.349119858999114,Delta=M-AVG; fixes/losses/McNemar=question level
LLaVA-Video-7B,VideoMME,Core32,baseline,E40,evaluated_method,86,75,11,0.4307246551015169,0.4074074074074119,-0.518518518518519,1.3333333333333357,Delta and pairs=question accuracy
LLaVA-Video-7B,VideoMME,Core32,baseline,E48,evaluated_method,118,69,49,0.0004183178608866334,1.8148148148148238,0.8518518518518476,2.8518518518518476,Delta and pairs=question accuracy
LLaVA-Video-7B,VideoMME,Core32,baseline,Full,evaluated_method,73,35,38,0.0003258385611274805,1.4074074074074119,0.6666666666666714,2.1851851851851833,Delta and pairs=question accuracy
LLaVA-Video-7B,VideoMME,E40,baseline,Full,evaluated_method,54,27,27,0.0035963477188240634,1.0,0.3333333333333286,1.6666666666666643,Delta and pairs=question accuracy
LLaVA-Video-7B,VideoMME,E48,baseline,Full,evaluated_method,45,56,-11,0.3197273207002655,-0.4074074074074119,-1.1111111111111143,0.3333333333333286,Delta and pairs=question accuracy
LLaVA-Video-7B,LongVideoBench,Core32,baseline,E40,evaluated_method,41,26,15,0.08643723427347086,1.1219147344801925,0.0,2.284460816695581,Delta and pairs=question accuracy
LLaVA-Video-7B,LongVideoBench,Core32,baseline,E48,evaluated_method,45,45,0,1.0,0.0,-1.3729977116704788,1.3544018058690739,Delta and pairs=question accuracy
LLaVA-Video-7B,LongVideoBench,Core32,baseline,Full,evaluated_method,27,21,6,0.4708790136217118,0.44876589379208554,-0.5299116257197273,1.4448724147783496,Delta and pairs=question accuracy
LLaVA-Video-7B,LongVideoBench,E40,baseline,Full,evaluated_method,9,18,-9,0.12207812070846558,-0.673148840688107,-1.441578148710171,0.07496251874062665,Delta and pairs=question accuracy
LLaVA-Video-7B,LongVideoBench,E48,baseline,Full,evaluated_method,28,22,6,0.47988766169832786,0.44876589379208554,-0.5818499867479495,1.4947962609550192,Delta and pairs=question accuracy
LLaVA-Video-7B,MLVU-Dev M-AVG,Core32,baseline,E40,evaluated_method,55,49,6,0.624143515844679,0.4870787897097415,-0.548030928575886,1.5421366408688948,Delta=M-AVG; fixes/losses/McNemar=question level
LLaVA-Video-7B,MLVU-Dev M-AVG,Core32,baseline,E48,evaluated_method,67,70,-3,0.8644049750099483,-0.09255828380425157,-1.2660377081526186,1.1016763398162868,Delta=M-AVG; fixes/losses/McNemar=question level
LLaVA-Video-7B,MLVU-Dev M-AVG,Core32,baseline,Full,evaluated_method,44,33,11,0.25430466614770003,0.7700055614818666,-0.1444799248417823,1.6528539356955474,Delta=M-AVG; fixes/losses/McNemar=question level
LLaVA-Video-7B,MLVU-Dev M-AVG,E40,baseline,Full,evaluated_method,26,21,5,0.5600646295802107,0.2829267717721251,-0.3564415586225671,0.9524657766838182,Delta=M-AVG; fixes/losses/McNemar=question level
LLaVA-Video-7B,MLVU-Dev M-AVG,E48,baseline,Full,evaluated_method,46,32,14,0.14053828626952244,0.8625638452861182,-0.029210213718085496,1.7632716219489286,Delta=M-AVG; fixes/losses/McNemar=question level
