Backbone,Dataset,Method A,Method B,Delta,Bootstrap SE,CI low,CI high,P(delta>0),Replicates,Sampled cluster count,Metric A bootstrap mean,Metric B bootstrap mean,Scope
Qwen3-VL-8B,MLVU-Dev M-AVG,Core32,E40,0.22999080036798603,0.504499455339394,-0.7604834199901223,1.211006189524734,0.6576,10000,1122,75.02756382944996,75.25642926631366,Micro accuracy
Qwen3-VL-8B,MLVU-Dev M-AVG,Core32,E40,1.5,1.655318147049357,-1.5789473684210407,4.81283422459893,0.7781,10000,1122,75.99603493570974,77.49375910627619,Anomaly Recognition
Qwen3-VL-8B,MLVU-Dev M-AVG,Core32,E40,0.9708737864077648,1.5336094013147834,-2.0202020202020208,3.980099502487562,0.678,10000,1122,54.34015592539533,55.300346293272405,Count
Qwen3-VL-8B,MLVU-Dev M-AVG,Core32,E40,-0.568181818181813,1.5104585955564864,-3.6364909600203754,2.3188592559390364,0.3166,10000,1122,69.88311105230697,69.29800085813565,Egocentric Reasoning
Qwen3-VL-8B,MLVU-Dev M-AVG,Core32,E40,0.0,0.5607080027456146,-1.126760563380273,1.1279526720483923,0.3917,10000,1122,80.30419735130081,80.29530280047271,NeedleQA
Qwen3-VL-8B,MLVU-Dev M-AVG,Core32,E40,-2.3166023166022995,1.8223007904244484,-5.970297912826313,1.17647058823529,0.0807,10000,1122,66.7888521357729,64.46020630112088,Order
Qwen3-VL-8B,MLVU-Dev M-AVG,Core32,E40,1.484230055658628,1.0505096636690245,-0.5556331471135955,3.565221543162715,0.9104,10000,1122,80.15110438994174,81.65402215808624,PlotQA
Qwen3-VL-8B,MLVU-Dev M-AVG,Core32,E40,0.0,1.315884351803112,-2.671755725190849,2.5270758122743757,0.4458,10000,1122,87.82308792659649,87.82347995337757,Topic Reasoning
Qwen3-VL-8B,MLVU-Dev M-AVG,Core32,E48,0.6439742410303637,0.5994827171312845,-0.5208580407969731,1.809750028871081,0.8508,10000,1122,75.0210313837493,75.6638192743218,Micro accuracy
Qwen3-VL-8B,MLVU-Dev M-AVG,Core32,E48,2.5,2.0526762745417257,-1.492537313432834,6.608477133886625,0.8713,10000,1122,75.98298751785192,78.53366424572575,Anomaly Recognition
Qwen3-VL-8B,MLVU-Dev M-AVG,Core32,E48,1.9417475728155367,2.1641249819468595,-2.304414149172212,6.217616580310882,0.7878,10000,1122,54.33007565274777,56.268727184968,Count
Qwen3-VL-8B,MLVU-Dev M-AVG,Core32,E48,-0.568181818181813,1.8317901348724455,-4.301240694789078,2.9730534105534185,0.3405,10000,1122,69.8493762849479,69.24608380002057,Egocentric Reasoning
Qwen3-VL-8B,MLVU-Dev M-AVG,Core32,E48,0.5633802816901436,0.800682185677522,-1.0067114093959617,2.1943573667711576,0.6978,10000,1122,80.3079816140779,80.8652046379165,NeedleQA
Qwen3-VL-8B,MLVU-Dev M-AVG,Core32,E48,-0.3861003861003809,2.1596493378441664,-4.6511627906976685,3.891050583657588,0.388,10000,1122,66.81258127587897,66.39856318957287,Order
Qwen3-VL-8B,MLVU-Dev M-AVG,Core32,E48,1.113172541743964,1.1508933196043543,-1.1200373831775745,3.4234909427628963,0.8201,10000,1122,80.13561968880512,81.26045463018595,PlotQA
Qwen3-VL-8B,MLVU-Dev M-AVG,Core32,E48,0.0,1.4247063558463924,-2.8225806451612954,2.7670729029424743,0.4525,10000,1122,87.84445399579174,87.846167235857,Topic Reasoning
Qwen3-VL-8B,MLVU-Dev M-AVG,Core32,Full,0.6899724011039581,0.4662675819162361,-0.22115825735328193,1.6198581061304116,0.9233,10000,1122,75.0117405459959,75.70743997504123,Micro accuracy
Qwen3-VL-8B,MLVU-Dev M-AVG,Core32,Full,2.5,1.4948565738962412,-0.47399006996164267,5.581395348837205,0.9404,10000,1122,75.97503983477307,78.48456393397977,Anomaly Recognition
Qwen3-VL-8B,MLVU-Dev M-AVG,Core32,Full,0.0,1.533764656299884,-2.985074626865668,3.045685279187815,0.4357,10000,1122,54.412486806213984,54.41174783877913,Count
Qwen3-VL-8B,MLVU-Dev M-AVG,Core32,Full,-0.8522727272727337,1.5897121218522106,-4.054054054054049,2.1108643948121557,0.2684,10000,1122,69.82484457808125,68.97558896017055,Egocentric Reasoning
Qwen3-VL-8B,MLVU-Dev M-AVG,Core32,Full,0.0,0.4037706961577573,-0.8196721311475414,0.8356545961002837,0.3483,10000,1122,80.30150938856315,80.30172950145591,NeedleQA
Qwen3-VL-8B,MLVU-Dev M-AVG,Core32,Full,0.772200772200776,1.4640521201394205,-2.032520325203251,3.663265306122446,0.6442,10000,1122,66.74554865278952,67.52541663456968,Order
Qwen3-VL-8B,MLVU-Dev M-AVG,Core32,Full,2.040816326530617,1.0320733562774302,0.0,4.094915912945159,0.9727,10000,1122,80.15073371551202,82.19801348446815,PlotQA
Qwen3-VL-8B,MLVU-Dev M-AVG,Core32,Full,0.0,0.941421898191556,-1.8587360594795541,1.8520239570425516,0.4243,10000,1122,87.82233439756712,87.83188301555325,Topic Reasoning
Qwen3-VL-8B,MLVU-Dev M-AVG,E40,Full,0.45998160073597205,0.3526102868059897,-0.22842263801750776,1.1595653793834417,0.8938,10000,1122,75.23857302868461,75.70135295940383,Micro accuracy
Qwen3-VL-8B,MLVU-Dev M-AVG,E40,Full,1.0,1.0125358326268676,-0.9805128948131009,3.07692307692308,0.7754,10000,1122,77.44536217620696,78.44580040960612,Anomaly Recognition
Qwen3-VL-8B,MLVU-Dev M-AVG,E40,Full,-0.9708737864077648,0.6815341725637821,-2.487562189054728,0.0,0.0,10000,1122,55.30235267356083,54.335154377789216,Count
Qwen3-VL-8B,MLVU-Dev M-AVG,E40,Full,-0.2840909090909207,1.113666560622649,-2.4768441521889315,1.9390581717451454,0.35,10000,1122,69.28053281086594,69.00367726786507,Egocentric Reasoning
Qwen3-VL-8B,MLVU-Dev M-AVG,E40,Full,0.0,0.3971355573857689,-0.8333333333333286,0.8152173913043583,0.3527,10000,1122,80.26516506731875,80.2690620133806,NeedleQA
Qwen3-VL-8B,MLVU-Dev M-AVG,E40,Full,3.0888030888030755,1.4410868860575596,0.3816793893129784,5.952380952380949,0.983,10000,1122,64.46592106391982,67.55209795946779,Order
Qwen3-VL-8B,MLVU-Dev M-AVG,E40,Full,0.5565862708719891,0.7167019020247359,-0.8405141717704139,1.9784172661870514,0.746,10000,1122,81.63110572638676,82.19512805327506,PlotQA
Qwen3-VL-8B,MLVU-Dev M-AVG,E40,Full,0.0,0.9315262109787742,-1.860595279416872,1.8450184501844973,0.4126,10000,1122,87.83792030877925,87.83211935630862,Topic Reasoning
Qwen3-VL-8B,MLVU-Dev M-AVG,E48,Full,0.04599816007359436,0.41740955327998336,-0.7640878701050582,0.887446144914365,0.5241,10000,1122,75.66294680725487,75.71243254683532,Micro accuracy
Qwen3-VL-8B,MLVU-Dev M-AVG,E48,Full,0.0,1.5872373375021032,-3.158312447786122,3.0612244897959187,0.4375,10000,1122,78.46884692154634,78.46064034397256,Anomaly Recognition
Qwen3-VL-8B,MLVU-Dev M-AVG,E48,Full,-1.9417475728155367,1.6756379265322339,-5.2631578947368425,1.415094339622641,0.0973,10000,1122,56.33216906581405,54.42070539823824,Count
Qwen3-VL-8B,MLVU-Dev M-AVG,E48,Full,-0.2840909090909207,1.199105833439569,-2.6143790849673114,2.083333333333329,0.3584,10000,1122,69.30181722696898,69.0299300746683,Egocentric Reasoning
Qwen3-VL-8B,MLVU-Dev M-AVG,E48,Full,-0.5633802816901436,0.7020307739250624,-1.9718309859154886,0.8130633616118756,0.1482,10000,1122,80.83061499367929,80.26152659660438,NeedleQA
Qwen3-VL-8B,MLVU-Dev M-AVG,E48,Full,1.1583011583011569,1.601134216531032,-1.9607843137254832,4.3137960220059295,0.7309,10000,1122,66.4222340109868,67.58297049034309,Order
Qwen3-VL-8B,MLVU-Dev M-AVG,E48,Full,0.9276437847866532,0.6709171773716286,-0.3717645185631426,2.260908912059806,0.8958,10000,1122,81.25608331378139,82.18398175328167,PlotQA
Qwen3-VL-8B,MLVU-Dev M-AVG,E48,Full,0.0,0.9340180340375595,-1.8315018315018392,1.8587360594795541,0.4164,10000,1122,87.83149205693289,87.8374880644823,Topic Reasoning
InternVL3-8B,MLVU-Dev M-AVG,Core32,E40,0.32198712051517475,0.4726106388539406,-0.6287050664415442,1.2267220978751943,0.7323,10000,1122,74.66652540862744,74.98023337585754,Micro accuracy
InternVL3-8B,MLVU-Dev M-AVG,Core32,E40,1.5,1.3157172175667018,-1.025641025641022,4.123711340206185,0.8315,10000,1122,76.48560224935419,77.98089950158075,Anomaly Recognition
InternVL3-8B,MLVU-Dev M-AVG,Core32,E40,-2.427184466019419,2.232293436885761,-6.770833333333336,1.932601660334879,0.1117,10000,1122,53.409232273125895,50.95644453238929,Count
InternVL3-8B,MLVU-Dev M-AVG,Core32,E40,-0.5681818181818272,1.1991745839812546,-3.0219953220583013,1.6557321865296304,0.2884,10000,1122,68.77321049612141,68.20913783245638,Egocentric Reasoning
InternVL3-8B,MLVU-Dev M-AVG,Core32,E40,1.1267605633802873,0.8030081751095437,-0.28901734104046284,2.842407876850722,0.9048,10000,1122,82.55361051539731,83.69035000224893,NeedleQA
InternVL3-8B,MLVU-Dev M-AVG,Core32,E40,1.5444015444015378,1.9125392697747126,-2.255639097744364,5.281690140845065,0.7566,10000,1122,60.27254695714831,61.782593804742696,Order
InternVL3-8B,MLVU-Dev M-AVG,Core32,E40,0.5565862708719749,0.7669146873864253,-0.9311421245726734,2.040816326530603,0.7275,10000,1122,81.46006014998632,82.0100780559546,PlotQA
InternVL3-8B,MLVU-Dev M-AVG,Core32,E40,0.0,0.9305554327272934,-1.8518518518518476,1.838235294117652,0.4153,10000,1122,87.43238927712697,87.43405845627804,Topic Reasoning
InternVL3-8B,MLVU-Dev M-AVG,Core32,E48,0.6899724011039439,0.5519766628267433,-0.3754150115773626,1.7794163310892877,0.889,10000,1122,74.63574768582073,75.33521348390204,Micro accuracy
InternVL3-8B,MLVU-Dev M-AVG,Core32,E48,2.0,1.591348897595726,-1.0256410256410362,5.213270142180093,0.8699,10000,1122,76.48874990488768,78.50242844329533,Anomaly Recognition
InternVL3-8B,MLVU-Dev M-AVG,Core32,E48,-1.9417475728155367,2.3751550481082555,-6.704582079931244,2.617801047120416,0.173,10000,1122,53.3457303261898,51.404596683741275,Count
InternVL3-8B,MLVU-Dev M-AVG,Core32,E48,-0.5681818181818272,1.4735015717113609,-3.5040431266846355,2.2792022792022806,0.3155,10000,1122,68.731455797864,68.1685027811357,Egocentric Reasoning
InternVL3-8B,MLVU-Dev M-AVG,Core32,E48,0.0,1.0637698022009883,-2.0619316972295643,2.1390783168980554,0.4465,10000,1122,82.52456268665661,82.53366930509969,NeedleQA
InternVL3-8B,MLVU-Dev M-AVG,Core32,E48,3.4749034749034635,2.127482244462544,-0.42395810404284934,7.755102040816325,0.9432,10000,1122,60.17382314151765,63.71257680391545,Order
InternVL3-8B,MLVU-Dev M-AVG,Core32,E48,0.742115027829314,0.9434350572959912,-1.1215478315656855,2.60223048327137,0.7592,10000,1122,81.47610539042167,82.22087992557456,PlotQA
InternVL3-8B,MLVU-Dev M-AVG,Core32,E48,1.5209125475285106,1.1992555714923083,-0.7662835249042104,3.9682539682539613,0.8703,10000,1122,87.4258006886548,88.95703305621986,Topic Reasoning
InternVL3-8B,MLVU-Dev M-AVG,Core32,Full,0.5979760809567551,0.3871776880052976,-0.1392887460508344,1.3570531700675637,0.932,10000,1122,74.64425792012231,75.24434890202348,Micro accuracy
InternVL3-8B,MLVU-Dev M-AVG,Core32,Full,1.0,1.4126359693173927,-1.5625,3.8834951456310596,0.7025,10000,1122,76.53537877339691,77.5493813687105,Anomaly Recognition
InternVL3-8B,MLVU-Dev M-AVG,Core32,Full,-0.9708737864077648,1.8309176957165798,-4.568527918781726,2.551020408163268,0.2445,10000,1122,53.44088018522153,52.43502289531723,Count
InternVL3-8B,MLVU-Dev M-AVG,Core32,Full,0.2840909090909065,0.8447470739154853,-1.3422818791946303,1.9718309859154886,0.5682,10000,1122,68.7346020675285,69.02961054702227,Egocentric Reasoning
InternVL3-8B,MLVU-Dev M-AVG,Core32,Full,0.8450704225352155,0.7519241286410436,-0.3367287742287697,2.47933884297521,0.8295,10000,1122,82.54630222680568,83.39505554772082,NeedleQA
InternVL3-8B,MLVU-Dev M-AVG,Core32,Full,1.9305019305019258,1.5900284840776304,-1.1450381679389283,5.158730158730158,0.8647,10000,1122,60.27077469992626,62.21544285982561,Order
InternVL3-8B,MLVU-Dev M-AVG,Core32,Full,0.3710575139146641,0.5973893029761451,-0.7633952680513211,1.5748376242811994,0.6809,10000,1122,81.42154622446449,81.80019816902055,PlotQA
InternVL3-8B,MLVU-Dev M-AVG,Core32,Full,0.7604562737642624,0.9398701272017498,-1.1070110701107012,2.6315789473684106,0.7217,10000,1122,87.42815541213854,88.17855408860598,Topic Reasoning
InternVL3-8B,MLVU-Dev M-AVG,E40,Full,0.2759889604415804,0.33055718243520427,-0.3700277520813987,0.9319664492078207,0.778,10000,1122,74.97244612014438,75.24737153785837,Micro accuracy
InternVL3-8B,MLVU-Dev M-AVG,E40,Full,-0.5,0.860814684797928,-2.252252252252248,1.069518716577548,0.179,10000,1122,78.00412051228932,77.50667615766719,Anomaly Recognition
InternVL3-8B,MLVU-Dev M-AVG,E40,Full,1.4563106796116543,1.4547409980817625,-1.3824884792626762,4.327445652173909,0.7988,10000,1122,50.95792025745718,52.42226111058745,Count
InternVL3-8B,MLVU-Dev M-AVG,E40,Full,0.8522727272727337,0.8362055272069616,-0.7434944237918163,2.5478158098915595,0.7935,10000,1122,68.20397877445751,69.02986895834759,Egocentric Reasoning
InternVL3-8B,MLVU-Dev M-AVG,E40,Full,-0.2816901408450718,0.2741434008704626,-0.9036144578313241,0.0,0.0,10000,1122,83.70026010145492,83.4220821140161,NeedleQA
InternVL3-8B,MLVU-Dev M-AVG,E40,Full,0.386100386100388,1.4843833824776325,-2.5180611813070586,3.305785123966942,0.5554,10000,1122,61.76849941374876,62.15753637787079,Order
InternVL3-8B,MLVU-Dev M-AVG,E40,Full,-0.18552875695731075,0.5581169862353972,-1.2820512820512708,0.9225092250922415,0.3046,10000,1122,81.97886338389073,81.79021398359933,PlotQA
InternVL3-8B,MLVU-Dev M-AVG,E40,Full,0.7604562737642624,0.7605581327048849,-0.7092829560081814,2.3412024456521774,0.7761,10000,1122,87.46538954960555,88.22915205850212,Topic Reasoning
InternVL3-8B,MLVU-Dev M-AVG,E48,Full,-0.09199632014718873,0.4146601123479008,-0.9132733274454882,0.7208376630924092,0.3909,10000,1122,75.34858146126366,75.25751230331221,Micro accuracy
InternVL3-8B,MLVU-Dev M-AVG,E48,Full,-1.0,0.7069717430303342,-2.631578947368425,0.0,0.0,10000,1122,78.47891159510857,77.47544031598169,Anomaly Recognition
InternVL3-8B,MLVU-Dev M-AVG,E48,Full,0.9708737864077719,1.677541874756928,-2.3696682464454994,4.285714285714285,0.6638,10000,1122,51.47069534520196,52.41816560594188,Count
InternVL3-8B,MLVU-Dev M-AVG,E48,Full,0.8522727272727337,1.2340030380080198,-1.7157494441075425,3.125188253012045,0.7181,10000,1122,68.240488772441,69.06123742915055,Egocentric Reasoning
InternVL3-8B,MLVU-Dev M-AVG,E48,Full,0.8450704225352155,0.7415871986576257,-0.3378378378378386,2.481389578163771,0.8348,10000,1122,82.53603374317879,83.393549434109,NeedleQA
InternVL3-8B,MLVU-Dev M-AVG,E48,Full,-1.5444015444015378,1.8115242981217465,-5.137020141859342,1.9843246063365592,0.1679,10000,1122,63.68276706148367,62.16069600076545,Order
InternVL3-8B,MLVU-Dev M-AVG,E48,Full,-0.3710575139146499,0.7430764454855562,-1.8451037098171443,1.0714764886276487,0.2613,10000,1122,82.1933536625712,81.81973333229725,PlotQA
InternVL3-8B,MLVU-Dev M-AVG,E48,Full,-0.7604562737642482,0.75862242372158,-2.3258076192199906,0.7118073207930938,0.0956,10000,1122,88.977590226953,88.22331508017497,Topic Reasoning
mPLUG-Owl3-7B,MLVU-Dev M-AVG,Core32,E40,0.45998160073595784,0.5491976973859025,-0.6213942277091398,1.5617610735302119,0.7939,10000,1122,67.28425063874504,67.74511958069986,Micro accuracy
mPLUG-Owl3-7B,MLVU-Dev M-AVG,Core32,E40,2.5,1.6355126949191447,-0.529100529100532,5.729166666666664,0.9151,10000,1122,60.00332543086044,62.47292918540879,Anomaly Recognition
mPLUG-Owl3-7B,MLVU-Dev M-AVG,Core32,E40,2.4271844660194226,2.4401841141373684,-2.314814814814813,7.23998294970162,0.8132,10000,1122,30.09800694703337,32.52942920269003,Count
mPLUG-Owl3-7B,MLVU-Dev M-AVG,Core32,E40,0.8522727272727266,1.2404603744366163,-1.5527950310559009,3.3004043647608046,0.7172,10000,1122,63.606790049559486,64.46551406162025,Egocentric Reasoning
mPLUG-Owl3-7B,MLVU-Dev M-AVG,Core32,E40,-1.1267605633803015,1.032803369029573,-3.1847133757961648,0.8671148529781357,0.1077,10000,1122,79.46309531309898,78.33645337707401,NeedleQA
mPLUG-Owl3-7B,MLVU-Dev M-AVG,Core32,E40,-0.3861003861003809,2.2832349345330907,-4.897959183673464,4.016395251335005,0.4092,10000,1122,59.41940643051596,59.052109749169716,Order
mPLUG-Owl3-7B,MLVU-Dev M-AVG,Core32,E40,-0.18552875695733917,1.0433011007813424,-2.2727272727272805,1.8330874101168035,0.3935,10000,1122,75.87515838465112,75.68651266279869,PlotQA
mPLUG-Owl3-7B,MLVU-Dev M-AVG,Core32,E40,1.1406844106463865,1.3620394740539223,-1.544401544401552,3.831417624521066,0.7569,10000,1122,80.60023479607268,81.73768075695585,Topic Reasoning
mPLUG-Owl3-7B,MLVU-Dev M-AVG,Core32,E48,0.5059797608095522,0.6349879353871049,-0.7431617930016131,1.7636448672866172,0.7748,10000,1122,67.28346818957918,67.7906339085799,Micro accuracy
mPLUG-Owl3-7B,MLVU-Dev M-AVG,Core32,E48,1.5,2.0683666205817755,-2.5003140703517586,5.627858057435516,0.725,10000,1122,59.98977199710478,61.49792715993859,Anomaly Recognition
mPLUG-Owl3-7B,MLVU-Dev M-AVG,Core32,E48,0.0,2.6388296218932874,-5.056503391497952,5.19514339826839,0.4634,10000,1122,30.09557595959258,30.11332467812893,Count
mPLUG-Owl3-7B,MLVU-Dev M-AVG,Core32,E48,1.1363636363636331,1.3211440233197074,-1.5481078014729988,3.6496862954154,0.7779,10000,1122,63.70433034795645,64.83525865012,Egocentric Reasoning
mPLUG-Owl3-7B,MLVU-Dev M-AVG,Core32,E48,-1.1267605633803015,1.1331685435159145,-3.4090909090909065,1.0810810810810807,0.1303,10000,1122,79.40754330798444,78.27644844670822,NeedleQA
mPLUG-Owl3-7B,MLVU-Dev M-AVG,Core32,E48,-0.3861003861003809,2.5258652368210472,-5.415200060168471,4.545454545454547,0.4016,10000,1122,59.4620492262906,59.05102369386565,Order
mPLUG-Owl3-7B,MLVU-Dev M-AVG,Core32,E48,-0.18552875695733917,1.2440624775399298,-2.661723700887205,2.1997802712023087,0.4209,10000,1122,75.87705550642451,75.69831698649669,PlotQA
mPLUG-Owl3-7B,MLVU-Dev M-AVG,Core32,E48,3.8022813688212977,1.6871701241841022,0.4504504504504606,7.169848906261746,0.9878,10000,1122,80.57691079012814,84.38548189891095,Topic Reasoning
mPLUG-Owl3-7B,MLVU-Dev M-AVG,Core32,Full,0.9199632014719299,0.4658343655932542,0.04551661356394732,1.8428821733630725,0.9769,10000,1122,67.29297871023704,68.2139346116062,Micro accuracy
mPLUG-Owl3-7B,MLVU-Dev M-AVG,Core32,Full,2.0,1.3822870637193438,-0.5291005291005249,4.784688995215312,0.9009,10000,1122,60.036318913191664,62.025136554587434,Anomaly Recognition
mPLUG-Owl3-7B,MLVU-Dev M-AVG,Core32,Full,2.4271844660194226,2.2161443140824373,-1.8867924528301891,6.806282722513089,0.8385,10000,1122,30.156049332071515,32.591791575094724,Count
mPLUG-Owl3-7B,MLVU-Dev M-AVG,Core32,Full,0.8522727272727266,1.1108297157334022,-1.3089005235601978,3.039539349379773,0.7465,10000,1122,63.65220934654577,64.52205661629405,Egocentric Reasoning
mPLUG-Owl3-7B,MLVU-Dev M-AVG,Core32,Full,-0.28169014084508603,0.947873387424013,-2.1539083557951546,1.5674801818509942,0.3166,10000,1122,79.41463828035047,79.12064312817823,NeedleQA
mPLUG-Owl3-7B,MLVU-Dev M-AVG,Core32,Full,0.0,1.8962037319636234,-3.7595557932488104,3.7314206973431605,0.4522,10000,1122,59.45470956215696,59.45381387889683,Order
mPLUG-Owl3-7B,MLVU-Dev M-AVG,Core32,Full,0.927643784786639,0.7603344388149006,-0.5639097744360839,2.424294942492513,0.8664,10000,1122,75.85444015251217,76.78207184066402,PlotQA
mPLUG-Owl3-7B,MLVU-Dev M-AVG,Core32,Full,1.5209125475285248,1.1919948395005218,-0.7633587786259568,3.982344956457352,0.8723,10000,1122,80.6105966885705,82.13619036009653,Topic Reasoning
mPLUG-Owl3-7B,MLVU-Dev M-AVG,E40,Full,0.45998160073597205,0.33809770091066005,-0.19533886766691208,1.1175749384895108,0.9009,10000,1122,67.74803776775951,68.20754228513916,Micro accuracy
mPLUG-Owl3-7B,MLVU-Dev M-AVG,E40,Full,-0.5,1.115504694507633,-2.778100775193806,1.5873015873015888,0.2381,10000,1122,62.53098915659042,62.01013894006169,Anomaly Recognition
mPLUG-Owl3-7B,MLVU-Dev M-AVG,E40,Full,0.0,0.9687067441076966,-1.9230769230769234,1.8957345971563981,0.3951,10000,1122,32.496288991304134,32.500233394597146,Count
mPLUG-Owl3-7B,MLVU-Dev M-AVG,E40,Full,0.0,0.5743593563741138,-1.098901098901095,1.1799410029498532,0.3947,10000,1122,64.49062541899796,64.49956381735184,Egocentric Reasoning
mPLUG-Owl3-7B,MLVU-Dev M-AVG,E40,Full,0.8450704225352155,0.6306362221116962,-0.3039513677811527,2.156438221689791,0.8753,10000,1122,78.29360260565392,79.13354035877138,NeedleQA
mPLUG-Owl3-7B,MLVU-Dev M-AVG,E40,Full,0.3861003861003809,1.5031023564864097,-2.5270758122743686,3.375725706671734,0.5496,10000,1122,59.068595857777844,59.46181998487653,Order
mPLUG-Owl3-7B,MLVU-Dev M-AVG,E40,Full,1.1131725417439782,0.7807606490330036,-0.3759753156476101,2.702702702702709,0.9095,10000,1122,75.69289262347179,76.80932314161161,PlotQA
mPLUG-Owl3-7B,MLVU-Dev M-AVG,E40,Full,0.3802281368821383,0.8544757163121677,-1.214698331193842,2.112825256624494,0.5813,10000,1122,81.76093298245979,82.14463793418905,Topic Reasoning
mPLUG-Owl3-7B,MLVU-Dev M-AVG,E48,Full,0.4139834406623777,0.44902477607824454,-0.4629629629629619,1.29154272844667,0.8083,10000,1122,67.79056395290571,68.2069432568418,Micro accuracy
mPLUG-Owl3-7B,MLVU-Dev M-AVG,E48,Full,0.5,1.4959997530389721,-2.5,3.4884990352391596,0.5679,10000,1122,61.4950958620053,61.98674968618456,Anomaly Recognition
mPLUG-Owl3-7B,MLVU-Dev M-AVG,E48,Full,2.4271844660194226,1.5916364540806893,-0.5050505050505052,5.6412429378531055,0.9182,10000,1122,30.144021458782237,32.58122518611949,Count
mPLUG-Owl3-7B,MLVU-Dev M-AVG,E48,Full,-0.2840909090909065,0.8479107717638417,-1.9283746556473744,1.4662756598240492,0.3056,10000,1122,64.73421916787407,64.4706311771051,Egocentric Reasoning
mPLUG-Owl3-7B,MLVU-Dev M-AVG,E48,Full,0.8450704225352155,0.6352573913027287,-0.2976190476190368,2.1621621621621614,0.8773,10000,1122,78.28115238822284,79.13351837594988,NeedleQA
mPLUG-Owl3-7B,MLVU-Dev M-AVG,E48,Full,0.3861003861003809,1.8461887531034007,-3.200000000000003,4.029304029304029,0.544,10000,1122,59.05375967048101,59.44789844634323,Order
mPLUG-Owl3-7B,MLVU-Dev M-AVG,E48,Full,1.1131725417439782,0.9375894481987936,-0.6897148311657325,2.990048747166767,0.8595,10000,1122,75.68392868347422,76.78664077611008,PlotQA
mPLUG-Owl3-7B,MLVU-Dev M-AVG,E48,Full,-2.281368821292773,1.1911967139821886,-4.6875,0.0,0.0149,10000,1122,84.41457579198759,82.13990313545256,Topic Reasoning
LLaVA-Video-7B,MLVU-Dev M-AVG,Core32,E40,0.2759889604415804,0.4799296233940687,-0.6738593139856761,1.210436656061325,0.7002,10000,1122,70.41643958008369,70.68991256260782,Micro accuracy
LLaVA-Video-7B,MLVU-Dev M-AVG,Core32,E40,-2.0,1.5858273600870965,-5.240749253045269,1.0256410256410224,0.0745,10000,1122,72.50879389392313,70.50183471153198,Anomaly Recognition
LLaVA-Video-7B,MLVU-Dev M-AVG,Core32,E40,-0.4854368932038824,1.771608333056893,-4.0404040404040344,2.9702970297029694,0.3381,10000,1122,35.452578207677846,34.9484565178926,Count
LLaVA-Video-7B,MLVU-Dev M-AVG,Core32,E40,0.0,1.2074002787205242,-2.521074675927151,2.247191011235955,0.4638,10000,1122,65.35439058374398,65.34090414663841,Egocentric Reasoning
LLaVA-Video-7B,MLVU-Dev M-AVG,Core32,E40,0.2816901408450718,0.4914981036627523,-0.617283950617292,1.3072323170105689,0.6063,10000,1122,79.72957802120561,80.01531288453329,NeedleQA
LLaVA-Video-7B,MLVU-Dev M-AVG,Core32,E40,3.8610038610038586,2.1003728406844675,-0.3461730591159489,7.984790874524705,0.961,10000,1122,61.318413413780554,65.20076312274463,Order
LLaVA-Video-7B,MLVU-Dev M-AVG,Core32,E40,-1.669758812615953,0.9312992471155792,-3.564736315812356,0.0,0.0208,10000,1122,79.06033967325688,77.37007675682796,PlotQA
LLaVA-Video-7B,MLVU-Dev M-AVG,Core32,E40,3.4220532319391594,1.2391105709305923,1.1493156093708743,5.970149253731336,0.9981,10000,1122,81.75085485786505,85.18438879466706,Topic Reasoning
LLaVA-Video-7B,MLVU-Dev M-AVG,Core32,E48,-0.1379944802207831,0.5409547347210893,-1.1910433539780882,0.9268388796544388,0.3897,10000,1122,70.42892432318064,70.29751412843274,Micro accuracy
LLaVA-Video-7B,MLVU-Dev M-AVG,Core32,E48,-1.5,1.965020043605777,-5.376344086021504,2.3809523809523796,0.186,10000,1122,72.48695094679815,70.98576799791454,Anomaly Recognition
LLaVA-Video-7B,MLVU-Dev M-AVG,Core32,E48,-2.427184466019412,1.885201088553338,-6.2200956937799035,1.3455958444088176,0.0765,10000,1122,35.49713040015906,33.08370917752427,Count
LLaVA-Video-7B,MLVU-Dev M-AVG,Core32,E48,0.0,1.1373832398650738,-2.3490151926682685,2.099875673435561,0.4598,10000,1122,65.350472648881,65.33234067863562,Egocentric Reasoning
LLaVA-Video-7B,MLVU-Dev M-AVG,Core32,E48,0.5633802816901436,0.3993888903984693,0.0,1.4663834742107993,0.8638,10000,1122,79.7952274667913,80.35692565886396,NeedleQA
LLaVA-Video-7B,MLVU-Dev M-AVG,Core32,E48,1.1583011583011498,2.4433176723143752,-3.529759147753591,5.982905982905983,0.6555,10000,1122,61.36002895822753,62.53208123702847,Order
LLaVA-Video-7B,MLVU-Dev M-AVG,Core32,E48,-1.484230055658628,1.0687858743556076,-3.5714285714285694,0.5929441934876772,0.0669,10000,1122,79.00782541758991,77.53944229496362,PlotQA
LLaVA-Video-7B,MLVU-Dev M-AVG,Core32,E48,3.0418250950570496,1.4023798982133133,0.3816793893129784,5.859375,0.9828,10000,1122,81.76084502381056,84.7974187113731,Topic Reasoning
LLaVA-Video-7B,MLVU-Dev M-AVG,Core32,Full,0.5059797608095664,0.4104130480223993,-0.3216985750716951,1.316423566376126,0.8805,10000,1122,70.42361489384227,70.92490286672962,Micro accuracy
LLaVA-Video-7B,MLVU-Dev M-AVG,Core32,Full,0.0,1.4280774152147089,-2.8439404197697997,2.803738317757009,0.4205,10000,1122,72.53695406291011,72.50726475197943,Anomaly Recognition
LLaVA-Video-7B,MLVU-Dev M-AVG,Core32,Full,-0.4854368932038824,1.4554708723669556,-3.414634146341463,2.3474178403755843,0.3063,10000,1122,35.45272972392242,34.968408780052144,Count
LLaVA-Video-7B,MLVU-Dev M-AVG,Core32,Full,1.7045454545454533,0.8663073237497317,0.0,3.4162154270849903,0.9676,10000,1122,65.3066453927764,67.01566149384401,Egocentric Reasoning
LLaVA-Video-7B,MLVU-Dev M-AVG,Core32,Full,0.2816901408450718,0.2801352761869876,0.0,0.9118541033434585,0.6268,10000,1122,79.70272126381543,79.98213835394748,NeedleQA
LLaVA-Video-7B,MLVU-Dev M-AVG,Core32,Full,2.7027027027027017,1.8540952820474939,-0.8696660482374784,6.374501992031881,0.9118,10000,1122,61.41302947924688,64.09900660735265,Order
LLaVA-Video-7B,MLVU-Dev M-AVG,Core32,Full,-1.8552875695732922,0.8219544964131956,-3.5120243351002913,-0.33722568670281516,0.0074,10000,1122,79.0357915658988,77.17964000710654,PlotQA
LLaVA-Video-7B,MLVU-Dev M-AVG,Core32,Full,3.0418250950570496,1.0411390020594764,1.16279069767441,5.223880597014926,0.9999,10000,1122,81.75050893174307,84.77896184384986,Topic Reasoning
LLaVA-Video-7B,MLVU-Dev M-AVG,E40,Full,0.22999080036798603,0.315117463229759,-0.3764838942174407,0.8498583569405156,0.7543,10000,1122,70.69003800121159,70.9252562976761,Micro accuracy
LLaVA-Video-7B,MLVU-Dev M-AVG,E40,Full,2.0,1.0067540473539198,0.4608294930875587,4.205607476635507,0.9805,10000,1122,70.52686819496867,72.5314708402303,Anomaly Recognition
LLaVA-Video-7B,MLVU-Dev M-AVG,E40,Full,0.0,0.9568815178347733,-1.92307692307692,1.9230769230769198,0.4002,10000,1122,34.94215525382284,34.9513792974602,Count
LLaVA-Video-7B,MLVU-Dev M-AVG,E40,Full,1.7045454545454533,0.9934138817643647,0.0,3.809771825396829,0.9542,10000,1122,65.26556855523268,66.99372380802893,Egocentric Reasoning
LLaVA-Video-7B,MLVU-Dev M-AVG,E40,Full,0.0,0.4048293406224284,-0.8086253369272217,0.8310826408125638,0.3503,10000,1122,80.00793209948013,80.01170992046123,NeedleQA
LLaVA-Video-7B,MLVU-Dev M-AVG,E40,Full,-1.1583011583011569,1.2936786428135036,-3.731343283582092,1.4088266252318125,0.1463,10000,1122,65.23145169646641,64.08264880124062,Order
LLaVA-Video-7B,MLVU-Dev M-AVG,E40,Full,-0.18552875695733917,0.6690654104881223,-1.5267175572518998,1.1272293051469195,0.3379,10000,1122,77.37669711821484,77.19254973746244,PlotQA
LLaVA-Video-7B,MLVU-Dev M-AVG,E40,Full,-0.3802281368821099,0.663126965285301,-1.7301038062283713,0.8299619640387371,0.1839,10000,1122,85.14206598719257,84.76903948666654,Topic Reasoning
LLaVA-Video-7B,MLVU-Dev M-AVG,E48,Full,0.6439742410303495,0.4108557657064603,-0.17608755369093207,1.4492753623188297,0.9371,10000,1122,70.26610249348253,70.91603163478328,Micro accuracy
LLaVA-Video-7B,MLVU-Dev M-AVG,E48,Full,1.5,1.506353376620719,-1.4635939741750403,4.522613065326638,0.7951,10000,1122,71.02791803556526,72.51654804577541,Anomaly Recognition
LLaVA-Video-7B,MLVU-Dev M-AVG,E48,Full,1.9417475728155296,1.353443987996301,-0.5208333333333323,4.717082354846547,0.9044,10000,1122,33.0154108477171,34.97253621806596,Count
LLaVA-Video-7B,MLVU-Dev M-AVG,E48,Full,1.7045454545454533,1.0703678261362362,-0.28171003421660035,3.9267015706806205,0.937,10000,1122,65.27499978018919,66.99072778859649,Egocentric Reasoning
LLaVA-Video-7B,MLVU-Dev M-AVG,E48,Full,-0.2816901408450718,0.2860460692842659,-0.9493670886076018,0.0,0.0,10000,1122,80.27971980999115,79.99404950661153,NeedleQA
LLaVA-Video-7B,MLVU-Dev M-AVG,E48,Full,1.544401544401552,1.72373030212822,-1.747226379866374,5.0,0.7889,10000,1122,62.494885522639144,64.07038896910547,Order
LLaVA-Video-7B,MLVU-Dev M-AVG,E48,Full,-0.3710575139146641,0.8336863642069922,-2.018348623853214,1.2389563373070989,0.2931,10000,1122,77.53567825340902,77.17559797005576,PlotQA
LLaVA-Video-7B,MLVU-Dev M-AVG,E48,Full,0.0,1.0766434338248352,-2.10526315789474,2.1459227467811104,0.4286,10000,1122,84.78720239302851,84.7895019369506,Topic Reasoning
